transaction_id,date,customer_id,product_id,quantity,price,region
1,7/30/2022,,,6,8322.8,Tunisia
2,5/2/2022,,,6,5052.18,Japan
3,8/5/2023,,,5,5819.4,China
4,7/29/2023,,,2,8392.96,Thailand
5,4/3/2023,,,2,478.58,Guatemala
6,3/30/2023,,,8,1900.05,Russia
7,5/17/2023,,,1,7684.35,Thailand
8,12/17/2022,,,5,8367.45,Indonesia
9,8/12/2023,,,1,7258.98,Peru
10,9/18/2023,,,3,9383.17,Belgium
11,12/10/2023,,,10,9058.19,Russia
12,4/11/2023,,,7,3073.52,Yemen
13,1/10/2022,,,10,1346.41,Honduras
14,7/29/2023,,,7,7872.9,Peru
15,2/16/2022,,,10,7903.86,Costa Rica
16,9/10/2022,,,1,7000.94,Portugal
17,4/11/2023,,,4,8503.24,Brazil
18,5/4/2022,,,6,9954.04,Argentina
19,5/9/2023,,,4,3354.1,China
20,6/21/2023,,,7,8265.84,Peru
21,7/24/2022,,,8,3365.36,United States
22,8/28/2023,,,5,8722.45,Philippines
23,7/29/2023,,,4,9598.16,Cameroon
24,10/4/2023,,,3,6251.17,Philippines
25,1/21/2022,,,3,3476.63,Cape Verde
26,12/5/2023,,,6,1755.05,El Salvador
27,5/1/2023,,,1,5911.15,Sweden
28,2/9/2023,,,8,6116.51,Jamaica
29,2/1/2022,,,1,1830.42,Thailand
30,5/6/2022,,,1,9915.0,Argentina
31,4/12/2023,,,2,2968.73,China
32,10/8/2022,,,7,8128.7,Indonesia
33,5/28/2022,,,1,6857.53,Indonesia
34,7/8/2022,,,3,9181.5,Brazil
35,3/29/2022,,,6,5168.21,Greece
36,6/9/2023,,,8,4997.59,Nigeria
37,2/19/2022,,,5,1451.22,China
38,9/16/2022,,,7,4394.16,Colombia
39,9/18/2022,,,10,6746.68,China
40,2/6/2022,,,10,1601.46,United States
41,3/9/2023,,,7,1325.01,Brazil
42,10/3/2023,,,8,3156.91,China
43,8/24/2023,,,4,3203.01,Brazil
44,11/24/2023,,,7,6410.86,Ecuador
45,2/15/2022,,,6,2278.46,Argentina
46,4/9/2022,,,6,1089.27,Ukraine
47,5/9/2022,,,4,3873.3,Mexico
48,12/15/2022,,,5,8592.42,French Guiana
49,6/19/2023,,,5,5996.67,Philippines
50,10/30/2023,,,5,8854.98,Russia
51,5/19/2023,,,9,9351.86,Indonesia
52,3/4/2023,,,10,9043.81,China
53,8/22/2022,,,9,7473.61,China
54,2/10/2022,,,7,6745.49,Thailand
55,9/2/2022,,,9,6490.25,Norway
56,6/7/2022,,,2,7601.42,Philippines
57,2/19/2023,,,9,6512.68,China
58,8/25/2022,,,1,9135.85,Poland
59,2/16/2022,,,8,6204.14,United States
60,4/7/2023,,,6,6877.4,Sweden
61,9/18/2023,,,4,4358.22,Czech Republic
62,9/26/2023,,,8,6839.12,Colombia
63,10/25/2022,,,9,7589.23,Chad
64,5/25/2022,,,10,2358.35,Russia
65,9/6/2023,,,1,8418.29,Sweden
66,1/16/2022,,,7,4325.16,Sweden
67,9/24/2022,,,5,8272.8,Venezuela
68,3/28/2023,,,9,515.58,Spain
69,12/10/2022,,,3,8869.22,China
70,9/8/2023,,,9,8715.58,Poland
71,6/5/2022,,,1,3279.57,Philippines
72,2/6/2022,,,3,5613.97,Poland
73,1/12/2022,,,4,4084.9,Honduras
74,10/23/2023,,,2,1460.13,Armenia
75,8/25/2023,,,1,9688.64,Brazil
76,1/24/2023,,,7,2154.38,China
77,11/28/2022,,,6,120.26,Portugal
78,3/23/2022,,,1,7034.28,Philippines
79,8/27/2022,,,7,2197.51,Uzbekistan
80,10/3/2022,,,9,6763.81,China
81,9/15/2023,,,4,3550.19,Greenland
82,10/24/2023,,,9,6152.32,United States
83,10/16/2023,,,4,400.0,Russia
84,8/9/2022,,,6,7560.07,Nigeria
85,11/21/2022,,,10,370.81,Poland
86,8/24/2022,,,5,3754.18,Honduras
87,2/10/2023,,,5,7525.66,Palau
88,11/6/2023,,,4,8330.97,Ukraine
89,5/24/2023,,,9,9327.58,Tanzania
90,5/22/2023,,,9,7472.08,China
91,6/17/2022,,,8,6249.38,Thailand
92,1/26/2022,,,4,1040.63,Thailand
93,4/12/2023,,,6,1281.79,Mexico
94,7/31/2022,,,1,3485.21,Thailand
95,6/23/2022,,,3,8380.7,Peru
96,3/1/2022,,,6,6480.94,Pakistan
97,1/9/2022,,,10,6762.24,China
98,5/29/2023,,,7,8914.3,Albania
99,2/1/2023,,,6,3885.52,Portugal
100,8/16/2023,,,6,9314.68,Lesotho
101,6/11/2023,,,1,2693.41,China
102,2/26/2022,,,5,8679.9,Indonesia
103,10/20/2023,,,9,4962.14,China
104,2/18/2022,,,2,1279.9,China
105,2/21/2022,,,8,6666.8,Botswana
106,8/25/2022,,,2,8812.43,Ecuador
107,12/24/2022,,,4,1224.81,Kazakhstan
108,9/21/2022,,,3,359.1,Syria
109,4/1/2023,,,10,7154.48,Indonesia
110,4/28/2023,,,6,7251.62,Russia
111,7/11/2022,,,7,7220.31,Mongolia
112,1/21/2022,,,1,1770.29,Croatia
113,1/28/2022,,,1,734.66,Finland
114,5/31/2022,,,9,5069.22,China
115,12/26/2022,,,2,2768.15,China
116,1/27/2022,,,7,7127.35,Mauritania
117,8/11/2023,,,7,8821.69,South Korea
118,1/2/2022,,,4,532.37,Japan
119,7/3/2023,,,6,8785.78,Philippines
120,9/23/2022,,,7,7600.89,France
121,6/10/2022,,,3,4275.98,Uganda
122,3/11/2023,,,2,8246.37,Niger
123,10/25/2022,,,1,1296.6,Poland
124,5/17/2022,,,5,1155.45,Brazil
125,2/24/2023,,,10,6452.16,Vietnam
126,7/30/2022,,,1,3253.56,China
127,11/6/2023,,,9,6691.1,Colombia
128,10/22/2023,,,10,7807.69,Philippines
129,9/12/2022,,,8,1165.21,China
130,12/6/2022,,,6,5464.09,Russia
131,2/8/2023,,,1,187.13,Sweden
132,12/15/2022,,,7,8374.88,Indonesia
133,4/24/2023,,,1,9322.41,Poland
134,10/9/2023,,,8,3404.25,Finland
135,6/11/2023,,,6,523.49,China
136,1/18/2023,,,5,7630.7,Indonesia
137,10/29/2022,,,4,737.99,Palestinian Territory
138,7/23/2022,,,1,2292.91,Russia
139,10/15/2023,,,3,5637.51,Czech Republic
140,3/11/2022,,,9,5618.85,Lithuania
141,10/26/2023,,,6,5820.48,Slovenia
142,10/15/2023,,,7,2554.83,China
143,2/4/2023,,,3,4545.91,Japan
144,3/13/2023,,,9,6812.44,Maldives
145,6/19/2022,,,4,5313.88,Philippines
146,9/13/2023,,,8,8749.43,China
147,1/3/2023,,,1,8763.37,Cameroon
148,2/17/2022,,,4,2378.72,China
149,1/24/2023,,,9,6307.98,Niger
150,2/15/2023,,,1,1914.53,Pakistan
151,3/16/2023,,,6,9117.09,China
152,12/24/2022,,,9,2079.92,Panama
153,3/26/2023,,,3,2858.47,Indonesia
154,4/28/2023,,,8,6390.42,Indonesia
155,7/28/2022,,,10,7612.29,China
156,3/28/2022,,,6,9327.83,Philippines
157,11/13/2022,,,8,753.58,China
158,3/30/2023,,,9,1710.6,Ukraine
159,9/12/2023,,,2,3483.6,Philippines
160,7/17/2022,,,5,2023.65,Brazil
161,9/22/2023,,,6,8322.42,Russia
162,11/15/2022,,,8,6548.41,Armenia
163,5/17/2023,,,10,5656.7,Syria
164,8/29/2023,,,2,7828.96,United States
165,9/17/2022,,,8,518.13,Netherlands
166,2/7/2022,,,10,3691.67,Indonesia
167,6/9/2023,,,4,2337.27,Jordan
168,10/24/2023,,,9,4017.66,Palestinian Territory
169,10/27/2023,,,4,9621.31,Switzerland
170,8/8/2023,,,3,7357.86,China
171,10/6/2022,,,7,9008.36,Philippines
172,10/3/2023,,,4,1273.76,Indonesia
173,5/3/2023,,,10,7635.66,United States
174,11/4/2022,,,4,3878.77,Afghanistan
175,9/2/2023,,,1,9835.51,Costa Rica
176,3/16/2022,,,4,5577.2,Canada
177,8/17/2022,,,10,9066.7,United States
178,11/27/2023,,,1,5816.42,Japan
179,3/5/2023,,,5,4095.05,Japan
180,10/1/2023,,,8,4924.06,Portugal
181,2/25/2023,,,8,9362.08,Iran
182,10/28/2022,,,2,7654.6,China
183,8/6/2023,,,2,4017.58,United States
184,3/26/2023,,,1,2704.67,Russia
185,7/26/2023,,,2,5528.74,China
186,9/10/2023,,,6,7283.96,France
187,1/21/2023,,,8,9066.32,Croatia
188,5/31/2022,,,3,7162.24,Guatemala
189,12/17/2022,,,8,3634.67,China
190,4/22/2023,,,5,5953.23,Iran
191,1/25/2023,,,5,2736.72,Albania
192,5/27/2022,,,4,298.64,Peru
193,10/26/2023,,,3,6725.84,Portugal
194,6/26/2022,,,4,1282.99,Malawi
195,5/30/2023,,,7,9343.22,Palestinian Territory
196,5/12/2022,,,7,5395.69,Russia
197,2/22/2022,,,3,899.33,Russia
198,1/23/2022,,,3,1150.63,Canada
199,1/16/2023,,,7,6316.48,Portugal
200,11/8/2023,,,9,6054.38,Luxembourg
201,11/18/2022,,,9,6044.42,Sweden
202,4/23/2022,,,8,4019.78,Colombia
203,11/22/2022,,,4,8693.16,Nauru
204,7/19/2023,,,2,6843.46,Finland
205,5/22/2022,,,10,6106.86,Honduras
206,6/11/2023,,,9,9471.01,Serbia
207,2/14/2022,,,6,7044.46,China
208,8/18/2023,,,8,8970.65,France
209,4/23/2022,,,9,386.75,Afghanistan
210,6/3/2022,,,6,5988.08,Russia
211,5/13/2022,,,6,4075.79,Poland
212,10/2/2022,,,10,2003.34,Argentina
213,1/24/2022,,,3,3132.36,China
214,6/1/2022,,,2,7164.48,China
215,5/23/2023,,,9,3684.57,Indonesia
216,3/29/2022,,,3,8931.48,China
217,6/20/2023,,,7,1111.81,Serbia
218,9/30/2023,,,8,6941.61,Indonesia
219,1/29/2023,,,6,6091.81,Brazil
220,7/29/2023,,,2,2025.92,China
221,1/27/2022,,,2,1531.41,Philippines
222,7/13/2022,,,10,6799.66,Croatia
223,3/14/2022,,,7,8424.08,Vietnam
224,8/3/2022,,,7,3227.13,China
225,11/8/2023,,,9,378.36,Peru
226,9/26/2023,,,10,7612.0,Slovenia
227,4/18/2022,,,4,3685.75,Indonesia
228,6/27/2022,,,10,7889.75,Poland
229,4/17/2023,,,6,3787.5,Argentina
230,2/23/2023,,,4,6619.03,United States
231,10/24/2023,,,5,1526.77,Brazil
232,6/15/2022,,,6,3585.26,China
233,10/4/2023,,,1,9668.64,Philippines
234,1/25/2022,,,2,9074.25,Bangladesh
235,3/17/2022,,,7,139.61,Philippines
236,10/10/2023,,,1,3406.57,Ukraine
237,1/27/2023,,,10,6657.92,Sweden
238,1/16/2022,,,5,8195.84,France
239,11/5/2023,,,8,8860.13,Tanzania
240,8/29/2022,,,2,8948.21,El Salvador
241,4/30/2023,,,7,2266.18,Lebanon
242,1/24/2022,,,4,512.55,Russia
243,8/16/2022,,,3,8098.96,South Africa
244,1/9/2022,,,9,9533.11,Indonesia
245,1/11/2023,,,10,1326.23,Indonesia
246,7/12/2022,,,5,6444.74,Indonesia
247,7/13/2022,,,2,4651.53,Kyrgyzstan
248,5/22/2022,,,2,5369.04,China
249,2/17/2023,,,4,4429.59,Indonesia
250,6/26/2022,,,5,831.44,China
251,4/27/2023,,,2,1939.31,Venezuela
252,11/21/2022,,,8,6275.08,Vietnam
253,10/13/2023,,,1,9230.71,Croatia
254,3/16/2022,,,2,6173.19,Colombia
255,5/30/2022,,,2,8745.35,China
256,4/5/2023,,,2,4929.65,Indonesia
257,1/5/2023,,,8,1708.72,Honduras
258,11/1/2022,,,6,3421.9,Finland
259,5/3/2023,,,5,6723.22,China
260,4/20/2023,,,5,2549.38,Albania
261,9/11/2022,,,5,2310.04,China
262,3/30/2023,,,7,9751.33,Pakistan
263,2/13/2023,,,6,6218.07,China
264,5/6/2022,,,2,138.92,Japan
265,5/18/2022,,,9,7693.01,Philippines
266,10/12/2023,,,6,8264.19,Argentina
267,7/6/2023,,,4,4788.09,Belarus
268,8/11/2022,,,10,976.26,Russia
269,4/17/2022,,,8,4726.25,China
270,1/19/2022,,,9,1934.62,France
271,5/4/2022,,,5,3706.73,Indonesia
272,5/28/2023,,,2,2903.86,Poland
273,6/15/2023,,,8,4403.15,Malaysia
274,1/28/2022,,,1,8901.35,El Salvador
275,6/25/2023,,,10,8580.62,Nigeria
276,12/10/2023,,,10,2038.18,Kazakhstan
277,3/17/2023,,,1,2247.82,United States
278,7/13/2023,,,3,7283.63,Greenland
279,1/29/2022,,,5,1384.77,Indonesia
280,2/6/2023,,,6,5667.15,China
281,3/12/2023,,,4,2936.48,Japan
282,2/5/2023,,,7,7313.4,China
283,10/20/2023,,,6,4081.89,Norway
284,3/11/2022,,,2,2886.33,Russia
285,8/8/2022,,,7,723.64,China
286,8/12/2023,,,1,3475.31,Nigeria
287,4/14/2023,,,6,7237.85,Japan
288,9/27/2022,,,6,9302.55,Russia
289,2/17/2022,,,5,4194.59,China
290,5/10/2022,,,3,4390.76,Peru
291,3/11/2023,,,3,3776.51,Indonesia
292,5/1/2023,,,7,7550.09,Indonesia
293,6/27/2022,,,6,3638.81,United States
294,4/9/2023,,,2,6702.92,Iran
295,8/15/2023,,,5,8441.05,China
296,6/6/2022,,,4,9951.6,Indonesia
297,8/9/2023,,,5,9916.41,Nigeria
298,1/24/2023,,,8,4078.12,Bulgaria
299,6/21/2022,,,7,9376.57,Venezuela
300,1/3/2023,,,7,104.41,Latvia
301,11/22/2023,,,1,3910.81,Denmark
302,11/4/2022,,,9,5301.24,Portugal
303,4/2/2022,,,2,1397.45,Ireland
304,10/7/2022,,,8,4689.86,Portugal
305,9/5/2023,,,3,3543.87,Lebanon
306,2/17/2022,,,8,5199.73,Sweden
307,2/11/2022,,,1,9855.36,Germany
308,7/28/2022,,,10,5202.26,Russia
309,11/6/2023,,,10,1116.18,China
310,6/6/2022,,,7,4206.57,Belarus
311,8/31/2023,,,7,6030.3,Palestinian Territory
312,10/1/2023,,,4,537.55,Brazil
313,8/20/2022,,,8,6481.2,Poland
314,1/9/2023,,,2,7064.89,Kazakhstan
315,10/26/2023,,,3,9935.64,China
316,3/17/2023,,,9,9832.92,France
317,9/1/2022,,,10,3857.08,China
318,11/20/2023,,,2,8396.32,China
319,8/29/2023,,,7,3274.29,Morocco
320,8/25/2023,,,5,4231.3,Croatia
321,11/29/2023,,,3,140.92,China
322,3/14/2022,,,1,451.4,Denmark
323,11/24/2023,,,5,325.02,Iceland
324,2/6/2023,,,6,3546.63,Brazil
325,3/13/2022,,,7,7720.38,China
326,5/5/2022,,,3,9051.3,Japan
327,8/11/2022,,,7,7238.88,Thailand
328,8/25/2023,,,4,4437.14,Indonesia
329,4/30/2022,,,5,6348.68,Malawi
330,7/19/2022,,,4,8430.03,Austria
331,5/25/2022,,,2,8681.48,China
332,7/23/2023,,,8,9449.87,Indonesia
333,6/11/2023,,,7,2339.15,Portugal
334,6/28/2023,,,6,3815.41,Bulgaria
335,7/13/2023,,,7,600.18,Philippines
336,5/26/2022,,,10,9944.77,Iran
337,9/13/2023,,,10,7520.49,Philippines
338,12/1/2023,,,10,2755.48,Mali
339,9/6/2023,,,2,5633.52,China
340,6/21/2022,,,4,395.42,Peru
341,7/19/2022,,,5,5230.52,Czech Republic
342,11/29/2023,,,6,8395.96,Indonesia
343,12/27/2022,,,2,5152.79,Indonesia
344,4/5/2023,,,7,6433.56,Philippines
345,7/11/2023,,,4,6132.49,China
346,12/11/2022,,,3,9553.51,Philippines
347,6/17/2023,,,7,7851.63,Japan
348,11/24/2023,,,1,6187.61,Kyrgyzstan
349,10/7/2023,,,9,3919.01,Indonesia
350,6/17/2022,,,5,8334.49,Syria
351,7/12/2023,,,4,1027.6,Israel
352,10/20/2022,,,2,9984.71,Malaysia
353,7/4/2023,,,3,7449.12,Namibia
354,8/31/2022,,,7,3211.18,Brazil
355,5/23/2022,,,8,8447.98,Belarus
356,6/24/2022,,,1,2475.65,Brazil
357,12/28/2022,,,10,1352.53,Poland
358,6/15/2022,,,4,3456.24,United States
359,11/18/2023,,,4,835.07,Japan
360,9/9/2023,,,8,8964.63,Canada
361,1/15/2023,,,7,5195.48,United States
362,5/9/2022,,,6,1981.65,Russia
363,8/11/2023,,,5,6657.1,Indonesia
364,8/19/2023,,,6,8398.31,Indonesia
365,8/5/2023,,,7,3920.62,Argentina
366,8/8/2022,,,8,6825.79,Portugal
367,3/24/2022,,,3,770.07,France
368,9/14/2023,,,9,9758.75,China
369,3/6/2023,,,6,4460.72,China
370,4/16/2023,,,1,8578.12,Russia
371,12/2/2022,,,5,1764.31,Egypt
372,9/23/2023,,,8,3650.98,China
373,2/9/2023,,,3,1999.13,Philippines
374,8/7/2023,,,6,7714.74,Spain
375,6/1/2022,,,9,8367.74,France
376,8/12/2022,,,5,5554.54,Poland
377,1/25/2022,,,1,7265.59,Philippines
378,3/9/2022,,,1,6747.34,Canada
379,7/3/2023,,,7,445.53,China
380,10/10/2022,,,7,4066.91,Indonesia
381,9/17/2023,,,6,8991.52,Yemen
382,2/24/2022,,,2,7181.35,Colombia
383,4/25/2023,,,1,7735.56,Philippines
384,10/29/2022,,,9,2838.34,Philippines
385,5/5/2022,,,8,7730.89,Japan
386,12/22/2022,,,7,8753.85,China
387,7/24/2022,,,4,901.25,United States
388,9/8/2022,,,1,7655.06,Yemen
389,7/9/2022,,,2,9720.48,China
390,8/17/2022,,,4,4266.23,Russia
391,9/19/2022,,,4,1345.41,Pakistan
392,3/19/2023,,,3,741.67,Serbia
393,11/18/2023,,,9,3377.19,Indonesia
394,4/6/2022,,,7,5781.53,Sweden
395,5/17/2023,,,3,972.03,Brazil
396,8/9/2023,,,4,4708.13,Nicaragua
397,2/16/2023,,,10,655.82,Philippines
398,8/19/2022,,,6,874.1,Indonesia
399,9/28/2022,,,7,5399.3,Ukraine
400,3/7/2022,,,8,8273.77,Ukraine
401,6/8/2023,,,1,278.04,Costa Rica
402,5/23/2022,,,6,4917.44,South Korea
403,4/30/2023,,,1,8386.36,Poland
404,3/7/2023,,,2,3037.84,Indonesia
405,4/17/2023,,,3,9312.72,Indonesia
406,6/27/2022,,,2,8364.54,China
407,10/14/2022,,,6,3831.6,China
408,3/13/2023,,,4,3485.81,Indonesia
409,8/11/2023,,,7,4249.91,China
410,10/28/2022,,,6,9730.92,Brazil
411,11/30/2023,,,7,7238.63,Kenya
412,12/10/2023,,,7,5353.43,Japan
413,8/20/2023,,,1,2002.29,France
414,8/15/2022,,,7,682.81,China
415,3/15/2022,,,5,4213.4,Colombia
416,4/4/2022,,,6,3300.24,China
417,2/11/2022,,,4,9984.2,Indonesia
418,6/9/2022,,,10,9878.59,China
419,1/30/2023,,,3,4293.17,Spain
420,4/16/2023,,,3,5898.99,Somalia
421,4/11/2022,,,9,6510.39,Ukraine
422,2/21/2023,,,10,6777.79,Paraguay
423,6/28/2023,,,6,2497.15,Ivory Coast
424,3/8/2022,,,10,3666.72,China
425,9/23/2022,,,3,3121.38,China
426,10/26/2022,,,8,6406.97,South Korea
427,8/7/2022,,,5,4864.53,Mexico
428,1/9/2022,,,3,9852.29,Philippines
429,1/31/2022,,,1,3582.42,Nigeria
430,6/26/2023,,,7,3244.7,Portugal
431,9/29/2022,,,5,5690.73,Russia
432,2/4/2022,,,6,6947.66,Philippines
433,3/1/2023,,,6,2500.84,Indonesia
434,2/19/2022,,,1,7202.1,Jordan
435,5/11/2023,,,3,9887.83,China
436,5/6/2023,,,9,4860.42,Poland
437,11/2/2022,,,1,2661.73,Costa Rica
438,9/29/2022,,,4,8633.01,Czech Republic
439,8/13/2022,,,9,8839.09,Vietnam
440,1/5/2023,,,5,9427.04,Indonesia
441,1/4/2023,,,10,1920.36,Luxembourg
442,6/19/2022,,,10,6811.4,France
443,4/21/2023,,,8,1845.32,Philippines
444,2/17/2023,,,2,9074.46,Sweden
445,7/17/2022,,,9,1305.3,Venezuela
446,6/24/2022,,,9,8655.12,Indonesia
447,12/13/2022,,,2,8545.43,China
448,12/5/2023,,,1,3275.4,Russia
449,5/28/2023,,,9,5277.13,France
450,4/8/2022,,,6,9116.81,Canada
451,8/15/2022,,,6,5992.5,Indonesia
452,6/18/2022,,,9,5732.66,Japan
453,11/11/2023,,,4,9938.52,Malaysia
454,6/16/2023,,,9,1912.93,China
455,12/4/2022,,,2,2484.54,Indonesia
456,10/26/2023,,,8,6743.98,Indonesia
457,12/5/2023,,,2,6993.43,United States
458,7/27/2023,,,3,701.85,China
459,4/12/2022,,,8,3929.79,Indonesia
460,9/27/2023,,,6,3788.64,China
461,5/8/2022,,,4,1631.5,Philippines
462,10/3/2022,,,8,8063.32,France
463,9/17/2023,,,3,6562.35,Jordan
464,9/17/2022,,,7,5417.48,Russia
465,9/26/2022,,,6,4359.82,Sweden
466,11/8/2023,,,4,2131.78,China
467,2/13/2023,,,7,3245.75,China
468,5/30/2022,,,1,9143.29,Egypt
469,10/4/2022,,,6,9622.62,Poland
470,11/7/2023,,,2,9668.04,Indonesia
471,10/17/2023,,,2,9296.12,Ukraine
472,4/1/2023,,,4,465.61,Philippines
473,6/10/2022,,,9,7531.99,Venezuela
474,5/13/2023,,,10,8490.8,United States
475,7/1/2023,,,3,3905.46,Poland
476,10/9/2022,,,7,5243.21,Taiwan
477,11/7/2022,,,2,1611.93,Indonesia
478,3/27/2023,,,1,5070.59,Tanzania
479,1/22/2022,,,4,4725.8,Russia
480,10/21/2023,,,10,1222.58,Philippines
481,5/27/2023,,,9,2590.84,Philippines
482,2/27/2022,,,5,2061.11,Philippines
483,9/13/2023,,,9,3579.02,Indonesia
484,9/17/2023,,,7,4850.74,Honduras
485,11/13/2022,,,7,512.41,China
486,3/4/2023,,,4,8269.13,France
487,12/22/2022,,,9,1180.5,Brazil
488,11/13/2023,,,8,1815.32,Greece
489,12/24/2022,,,3,3249.8,China
490,6/24/2023,,,10,3917.13,China
491,3/29/2022,,,7,2019.05,Haiti
492,5/31/2022,,,3,1557.76,United States
493,4/24/2022,,,5,5343.71,Albania
494,2/9/2023,,,4,2146.62,China
495,1/11/2023,,,10,7403.23,Brazil
496,5/20/2023,,,6,3858.43,China
497,7/7/2023,,,9,5143.67,Philippines
498,1/23/2023,,,10,2069.05,China
499,11/25/2022,,,8,8237.6,China
500,7/22/2023,,,8,8273.23,Ecuador
501,2/25/2023,,,2,3601.6,Ethiopia
502,3/10/2022,,,6,2118.65,China
503,3/14/2023,,,7,6182.56,China
504,4/25/2023,,,4,5644.21,Peru
505,5/12/2023,,,10,9561.58,Argentina
506,11/7/2022,,,10,9434.58,Mexico
507,3/18/2023,,,6,5492.07,Indonesia
508,2/28/2023,,,2,1087.07,Philippines
509,6/22/2023,,,10,9477.86,France
510,10/5/2022,,,5,8131.51,South Africa
511,12/4/2023,,,7,9865.02,Japan
512,4/25/2023,,,2,7827.18,Zambia
513,10/2/2023,,,1,2261.91,Indonesia
514,4/5/2023,,,7,7792.58,Indonesia
515,7/6/2022,,,3,9655.65,China
516,1/21/2023,,,1,4924.81,Thailand
517,10/22/2022,,,10,5191.86,Serbia
518,10/17/2023,,,2,1796.52,Russia
519,10/3/2022,,,3,504.81,Morocco
520,8/20/2023,,,5,9130.27,China
521,1/29/2022,,,3,8654.18,Brazil
522,4/26/2022,,,3,9606.03,Democratic Republic of the Congo
523,1/21/2023,,,10,2311.96,Poland
524,3/30/2022,,,5,755.98,China
525,2/11/2022,,,3,4996.7,Indonesia
526,11/10/2023,,,8,7293.88,Pakistan
527,11/7/2022,,,6,5397.87,Indonesia
528,9/19/2022,,,1,1781.54,China
529,9/24/2022,,,6,8376.57,China
530,6/12/2022,,,2,6867.46,Argentina
531,3/1/2023,,,1,8355.18,Costa Rica
532,12/23/2022,,,3,4511.03,Sweden
533,10/1/2022,,,1,507.15,Uzbekistan
534,10/13/2022,,,5,8548.84,South Korea
535,11/27/2023,,,3,147.97,Serbia
536,3/30/2023,,,4,3516.57,Canada
537,1/17/2022,,,8,6967.36,Serbia
538,4/16/2023,,,6,1492.85,North Korea
539,9/22/2022,,,6,2868.2,Japan
540,12/17/2022,,,6,6096.04,China
541,7/22/2023,,,6,7150.83,Mongolia
542,11/18/2023,,,5,5655.17,Paraguay
543,2/12/2023,,,7,2825.88,Indonesia
544,5/13/2023,,,6,9762.89,Gambia
545,5/20/2023,,,1,6228.26,Portugal
546,7/19/2022,,,7,3426.01,Greece
547,6/21/2023,,,1,3350.04,Russia
548,5/6/2022,,,5,2218.51,Ukraine
549,9/21/2022,,,9,3384.11,China
550,9/20/2022,,,5,5555.86,Madagascar
551,10/8/2022,,,7,7468.21,Portugal
552,9/27/2022,,,5,3630.95,China
553,8/26/2023,,,6,8348.91,Greece
554,12/11/2023,,,9,7645.52,Portugal
555,11/17/2022,,,7,7075.07,United States
556,4/30/2022,,,9,6129.53,China
557,5/1/2022,,,1,6315.58,Lithuania
558,9/14/2022,,,3,7448.25,Colombia
559,9/11/2022,,,2,1500.95,Ecuador
560,9/12/2023,,,2,7466.62,Argentina
561,12/19/2022,,,7,8487.11,Russia
562,9/27/2023,,,10,4609.86,Philippines
563,12/3/2023,,,7,6731.26,Poland
564,8/25/2023,,,3,2625.61,Italy
565,2/7/2023,,,1,2743.01,Portugal
566,11/23/2022,,,8,7608.07,Russia
567,8/15/2022,,,6,6486.88,Bulgaria
568,4/18/2023,,,9,7911.16,Ukraine
569,11/18/2022,,,7,3869.68,Colombia
570,1/29/2023,,,8,6930.8,Iran
571,1/11/2023,,,9,5172.91,Yemen
572,4/28/2022,,,5,1956.25,Georgia
573,4/16/2022,,,4,4358.97,Indonesia
574,7/19/2023,,,6,2669.96,Russia
575,9/5/2022,,,6,9499.75,China
576,1/2/2023,,,9,6534.03,Russia
577,12/4/2023,,,10,4098.75,Indonesia
578,11/10/2022,,,3,7495.36,Nigeria
579,5/13/2023,,,2,5408.53,Indonesia
580,4/14/2023,,,3,5157.37,Vietnam
581,2/20/2023,,,10,6950.13,Sweden
582,11/8/2022,,,6,3796.73,Lebanon
583,6/19/2022,,,8,9070.33,Moldova
584,3/6/2022,,,9,983.53,Poland
585,9/14/2023,,,3,4651.73,Indonesia
586,12/24/2022,,,3,1880.95,Mexico
587,3/19/2023,,,6,2088.73,Tunisia
588,8/23/2022,,,3,4348.91,Philippines
589,1/1/2023,,,5,1613.88,Croatia
590,1/17/2023,,,5,291.0,China
591,3/25/2023,,,6,2867.51,Czech Republic
592,5/26/2022,,,9,5247.83,Russia
593,11/24/2023,,,7,4200.88,Indonesia
594,10/26/2023,,,1,5687.75,Portugal
595,4/17/2022,,,7,9320.52,Indonesia
596,7/28/2023,,,6,7457.75,Sweden
597,5/17/2023,,,2,6792.21,Nepal
598,4/13/2023,,,8,6650.33,Peru
599,11/30/2022,,,5,8529.85,Japan
600,2/2/2022,,,7,2971.54,Belarus
601,2/1/2022,,,1,4147.96,China
602,1/17/2022,,,2,5320.33,Malaysia
603,9/21/2023,,,5,5948.39,China
604,2/3/2022,,,6,808.22,China
605,10/12/2023,,,3,6407.15,Indonesia
606,9/8/2022,,,7,9779.91,Sweden
607,3/16/2023,,,9,3345.59,Philippines
608,7/17/2022,,,2,8816.6,Sweden
609,1/29/2023,,,10,3837.02,Morocco
610,5/12/2022,,,4,8286.98,China
611,4/4/2023,,,6,5690.25,China
612,8/27/2023,,,2,2200.62,Kyrgyzstan
613,3/24/2022,,,9,7015.64,Philippines
614,7/13/2022,,,1,3758.03,Poland
615,4/26/2023,,,9,5313.8,Philippines
616,4/2/2022,,,4,8178.25,Colombia
617,10/4/2022,,,2,9489.33,Brazil
618,6/10/2023,,,9,9144.48,China
619,11/10/2023,,,7,9158.05,Czech Republic
620,1/13/2023,,,7,7404.12,Venezuela
621,3/26/2023,,,7,7452.54,Sweden
622,7/7/2023,,,10,6429.84,Indonesia
623,10/26/2023,,,4,9991.65,United States
624,7/26/2023,,,7,4627.28,Ukraine
625,6/14/2023,,,8,489.77,China
626,9/13/2023,,,10,4560.87,Ukraine
627,1/3/2022,,,7,5774.68,Brazil
628,9/20/2023,,,2,8126.57,Sweden
629,6/13/2022,,,6,5323.57,Nepal
630,2/2/2023,,,7,3034.67,Portugal
631,3/10/2023,,,5,9268.86,Japan
632,1/19/2023,,,4,3984.84,Philippines
633,7/22/2022,,,5,6423.21,Indonesia
634,7/20/2023,,,1,3347.53,China
635,12/7/2022,,,1,6856.09,Russia
636,9/8/2023,,,1,6267.85,Philippines
637,6/26/2023,,,1,2819.2,Saudi Arabia
638,5/15/2022,,,5,5361.34,China
639,9/2/2022,,,10,1453.83,China
640,7/4/2022,,,8,3855.27,Philippines
641,5/5/2022,,,5,9027.53,Vietnam
642,6/12/2022,,,6,9771.28,United States
643,5/12/2023,,,2,6050.53,Russia
644,3/5/2022,,,2,9685.44,France
645,8/10/2023,,,6,7554.05,China
646,10/19/2022,,,6,4853.19,Belarus
647,2/17/2023,,,4,6853.0,Indonesia
648,6/12/2022,,,4,7843.05,Russia
649,5/16/2023,,,3,1810.56,China
650,4/18/2022,,,9,4028.15,Russia
651,12/15/2022,,,2,999.12,Russia
652,8/26/2022,,,2,3039.59,Botswana
653,8/25/2022,,,10,1103.87,China
654,2/28/2023,,,2,9975.48,Russia
655,2/17/2023,,,7,4478.5,Germany
656,8/18/2023,,,7,9180.65,Brazil
657,4/1/2022,,,3,9298.29,Poland
658,8/26/2023,,,3,5563.11,Czech Republic
659,11/16/2022,,,5,2679.81,China
660,10/21/2022,,,6,6379.28,Czech Republic
661,2/18/2023,,,1,3280.27,Brazil
662,3/11/2022,,,4,3612.51,Indonesia
663,10/25/2022,,,4,4463.88,Nigeria
664,3/21/2023,,,10,3275.26,Cameroon
665,7/10/2022,,,9,4077.53,Indonesia
666,6/2/2023,,,4,9009.94,Philippines
667,9/26/2023,,,1,3509.52,Brazil
668,8/14/2022,,,2,5607.89,Mexico
669,8/8/2022,,,5,6373.07,Ethiopia
670,6/17/2023,,,2,5815.83,Philippines
671,5/11/2022,,,3,448.03,Burkina Faso
672,3/17/2022,,,5,4359.61,Argentina
673,1/19/2023,,,6,2234.68,Vietnam
674,3/21/2023,,,3,7745.7,Belarus
675,1/7/2022,,,3,3840.79,Brazil
676,3/18/2023,,,2,9385.26,Nepal
677,5/26/2022,,,8,8034.22,Mongolia
678,4/14/2022,,,8,7128.2,Thailand
679,12/15/2022,,,2,1709.28,Macedonia
680,3/7/2022,,,3,464.12,Mongolia
681,7/24/2022,,,10,4722.49,Venezuela
682,2/7/2022,,,7,4683.05,China
683,4/23/2022,,,8,5328.36,Sweden
684,9/11/2023,,,1,9987.01,Indonesia
685,2/22/2022,,,8,5282.25,Poland
686,1/19/2022,,,8,5429.72,Indonesia
687,5/28/2023,,,8,947.13,Morocco
688,7/26/2022,,,3,4499.45,Peru
689,10/29/2023,,,3,9245.89,Italy
690,7/29/2023,,,5,2329.9,Zambia
691,6/26/2022,,,2,2514.69,Indonesia
692,8/7/2022,,,1,3547.3,Argentina
693,11/16/2023,,,4,8175.16,Spain
694,1/13/2022,,,9,3306.75,Indonesia
695,4/9/2023,,,9,1969.03,Indonesia
696,10/12/2022,,,5,8942.47,Russia
697,12/14/2022,,,5,2186.05,China
698,4/6/2022,,,10,8779.19,Poland
699,3/7/2022,,,4,4387.02,Sweden
700,10/12/2023,,,9,5912.27,Canada
701,4/22/2022,,,8,2858.56,Philippines
702,5/21/2023,,,5,6571.86,Mongolia
703,12/4/2023,,,9,1152.59,France
704,2/10/2023,,,5,5506.84,Indonesia
705,1/20/2022,,,5,9973.92,Japan
706,7/26/2022,,,8,6007.2,Democratic Republic of the Congo
707,12/12/2022,,,10,5410.01,Honduras
708,4/3/2022,,,6,1510.81,Brazil
709,8/22/2023,,,4,1941.61,Bosnia and Herzegovina
710,12/4/2023,,,7,5336.82,Japan
711,4/11/2023,,,3,3133.26,China
712,4/2/2023,,,5,3217.94,Papua New Guinea
713,3/7/2023,,,8,7504.12,China
714,8/18/2023,,,8,2647.23,China
715,4/20/2022,,,6,4408.88,Pakistan
716,4/29/2023,,,4,9791.01,Paraguay
717,10/19/2023,,,1,803.52,Argentina
718,1/31/2022,,,10,2453.42,China
719,9/17/2023,,,3,7244.57,China
720,12/10/2022,,,1,8710.34,Norway
721,10/11/2023,,,5,6934.23,Peru
722,10/21/2022,,,4,4975.6,Republic of the Congo
723,6/22/2023,,,8,3706.27,Poland
724,10/10/2022,,,8,5015.14,Russia
725,3/26/2022,,,9,6682.68,Czech Republic
726,2/8/2022,,,10,2154.26,Lithuania
727,2/16/2023,,,6,874.55,Kazakhstan
728,8/4/2023,,,8,1224.29,Portugal
729,10/11/2022,,,3,1731.06,France
730,11/13/2022,,,10,479.45,Indonesia
731,2/11/2023,,,7,2494.03,Indonesia
732,6/7/2023,,,10,8023.16,Indonesia
733,4/26/2023,,,9,392.3,Nigeria
734,1/11/2023,,,7,7986.85,Guatemala
735,2/25/2023,,,2,7506.95,China
736,1/12/2022,,,5,655.57,Colombia
737,11/11/2023,,,3,8526.67,Czech Republic
738,10/5/2022,,,10,1032.37,China
739,5/15/2023,,,9,6888.2,Panama
740,5/14/2023,,,7,7845.37,Sweden
741,4/29/2022,,,3,2924.04,Russia
742,10/24/2022,,,1,2658.4,Ghana
743,9/7/2022,,,10,9887.13,Samoa
744,5/26/2023,,,8,1969.57,Portugal
745,1/14/2022,,,10,6326.83,China
746,11/17/2022,,,9,3532.13,Philippines
747,2/2/2023,,,5,964.87,Peru
748,11/23/2023,,,3,1892.94,Sweden
749,3/1/2022,,,7,1992.75,Russia
750,4/4/2022,,,4,1770.88,Belarus
751,7/1/2023,,,4,445.7,France
752,2/5/2023,,,3,1790.77,China
753,6/22/2022,,,7,1061.04,Norway
754,6/22/2022,,,5,6649.06,Indonesia
755,6/7/2023,,,3,8882.34,China
756,2/15/2023,,,10,7848.94,Poland
757,3/24/2022,,,4,6326.78,Philippines
758,3/4/2023,,,5,9800.8,Argentina
759,9/16/2023,,,7,5867.41,China
760,10/24/2023,,,7,4507.97,China
761,5/22/2022,,,1,6212.05,Russia
762,11/29/2023,,,4,6812.94,Sweden
763,11/24/2022,,,4,2935.77,Tunisia
764,8/21/2023,,,8,9996.77,China
765,1/12/2022,,,3,8643.65,Portugal
766,5/18/2023,,,3,1502.24,Indonesia
767,5/8/2022,,,2,2510.73,Ghana
768,5/14/2023,,,8,4975.32,Indonesia
769,2/9/2023,,,5,1437.59,Russia
770,2/23/2023,,,5,7953.23,Russia
771,5/30/2022,,,4,9427.84,China
772,9/24/2023,,,7,8527.68,Poland
773,2/14/2022,,,4,9948.53,Peru
774,8/3/2022,,,6,4253.75,Russia
775,11/28/2023,,,8,196.44,Croatia
776,7/15/2022,,,7,7581.67,Thailand
777,8/28/2023,,,2,6019.53,China
778,1/6/2022,,,2,2310.38,Uruguay
779,10/16/2023,,,6,5426.37,China
780,7/27/2023,,,8,4765.11,Poland
781,8/18/2022,,,8,9576.99,Montenegro
782,2/17/2022,,,6,730.49,Russia
783,1/24/2022,,,7,9392.71,South Africa
784,6/26/2023,,,10,844.42,Indonesia
785,1/13/2022,,,4,4733.7,Czech Republic
786,8/5/2022,,,6,8021.12,Democratic Republic of the Congo
787,11/23/2022,,,8,2118.22,Indonesia
788,8/28/2022,,,6,6544.43,France
789,4/12/2023,,,8,7945.34,Russia
790,9/25/2022,,,2,3156.99,Brazil
791,3/8/2022,,,1,954.81,Burkina Faso
792,3/8/2022,,,4,2024.49,Philippines
793,3/22/2023,,,3,3446.03,Zimbabwe
794,6/21/2023,,,1,8053.83,China
795,3/19/2022,,,1,3407.71,Russia
796,2/27/2023,,,5,7560.07,Spain
797,8/20/2023,,,10,3040.21,Peru
798,2/14/2022,,,6,3442.9,Latvia
799,6/11/2022,,,2,7371.64,Portugal
800,11/21/2022,,,5,3704.52,Philippines
801,5/16/2023,,,6,1974.79,Nigeria
802,9/25/2023,,,9,2503.7,Morocco
803,6/30/2023,,,2,9854.54,South Africa
804,2/2/2023,,,9,3516.87,Poland
805,11/28/2022,,,9,2951.95,France
806,6/27/2022,,,3,4940.19,Democratic Republic of the Congo
807,2/1/2023,,,5,9475.6,Indonesia
808,7/9/2022,,,4,3058.47,Russia
809,1/14/2022,,,5,6583.07,Macedonia
810,8/21/2022,,,3,1994.8,Georgia
811,7/13/2022,,,2,8575.76,Philippines
812,9/13/2022,,,8,7453.49,Mexico
813,5/30/2023,,,9,3283.21,Peru
814,4/26/2022,,,7,1433.62,Sweden
815,10/22/2022,,,8,2917.93,Thailand
816,10/20/2023,,,9,132.81,Greece
817,1/4/2022,,,7,2436.75,Mexico
818,5/26/2022,,,9,8732.52,Moldova
819,10/19/2022,,,10,1061.0,France
820,1/15/2022,,,6,8243.42,China
821,2/7/2023,,,7,4965.55,Slovenia
822,9/23/2023,,,4,1902.37,China
823,1/6/2022,,,4,5052.39,Poland
824,9/24/2023,,,9,8735.1,Guatemala
825,2/22/2022,,,9,5347.09,China
826,12/4/2022,,,1,7173.05,Mongolia
827,7/2/2023,,,5,7270.53,Brazil
828,9/15/2023,,,1,2436.61,Maldives
829,10/30/2023,,,1,1289.61,Luxembourg
830,8/25/2023,,,3,6592.59,Kazakhstan
831,6/14/2022,,,3,8518.99,Kenya
832,8/30/2022,,,1,3192.64,United States
833,7/21/2023,,,8,807.64,Afghanistan
834,11/30/2023,,,4,4990.13,Brazil
835,10/29/2023,,,10,9525.09,China
836,10/17/2022,,,1,6447.14,Kuwait
837,3/28/2023,,,5,1334.62,Kuwait
838,5/4/2023,,,3,5101.65,Peru
839,4/19/2022,,,7,4215.38,Ukraine
840,2/16/2022,,,5,5085.51,Indonesia
841,4/3/2022,,,3,2049.35,Philippines
842,4/20/2022,,,5,4083.01,Mongolia
843,10/22/2022,,,6,4832.02,Brazil
844,7/29/2022,,,5,3896.66,Mauritius
845,5/23/2022,,,8,7239.7,Russia
846,9/29/2022,,,2,6186.42,Philippines
847,6/8/2023,,,10,2977.05,Lesotho
848,7/31/2023,,,6,9985.29,Cuba
849,9/20/2023,,,5,5348.69,Philippines
850,7/9/2022,,,8,1534.78,China
851,6/16/2022,,,6,6698.39,Ukraine
852,5/20/2022,,,10,9029.61,Greece
853,10/15/2023,,,9,7547.16,Brazil
854,6/23/2023,,,3,9709.27,China
855,11/23/2023,,,2,2151.14,Brazil
856,5/24/2022,,,3,3257.52,Indonesia
857,7/5/2022,,,9,8253.67,Indonesia
858,10/25/2023,,,6,6582.85,Indonesia
859,12/12/2022,,,8,9331.49,Philippines
860,7/24/2022,,,3,1501.71,Poland
861,10/18/2023,,,10,3550.8,Indonesia
862,7/26/2022,,,7,3495.78,Macedonia
863,2/10/2022,,,3,1447.92,France
864,10/12/2023,,,7,9090.58,Russia
865,1/31/2023,,,2,5637.37,Indonesia
866,5/16/2022,,,10,9286.26,Azerbaijan
867,8/19/2023,,,6,7757.51,Kuwait
868,1/16/2023,,,7,5638.83,United States
869,7/7/2022,,,7,2469.09,Mexico
870,9/25/2023,,,6,2930.62,Poland
871,7/13/2022,,,2,8412.57,China
872,10/27/2022,,,9,5366.21,Ghana
873,5/22/2023,,,3,2063.96,Ireland
874,10/4/2022,,,9,5874.23,Philippines
875,5/22/2023,,,3,7516.49,Sweden
876,7/3/2023,,,5,3577.92,France
877,5/28/2023,,,8,8361.74,United States
878,2/3/2022,,,2,7406.77,Greece
879,12/18/2022,,,10,1308.45,Indonesia
880,9/28/2023,,,10,8723.11,Indonesia
881,9/25/2023,,,4,9242.53,Sweden
882,6/1/2022,,,10,3970.74,Nicaragua
883,8/1/2023,,,9,7292.79,Mexico
884,4/10/2022,,,8,1657.53,China
885,4/28/2022,,,6,4432.84,Indonesia
886,9/30/2022,,,1,4995.48,Poland
887,7/8/2022,,,6,5630.74,China
888,6/2/2022,,,3,5861.14,Mozambique
889,9/23/2022,,,9,2626.48,Samoa
890,9/1/2023,,,8,7108.88,Ukraine
891,4/24/2023,,,6,3498.69,Indonesia
892,11/13/2022,,,8,6784.87,Peru
893,8/1/2023,,,2,6224.44,Indonesia
894,1/21/2022,,,7,7500.38,Spain
895,4/11/2022,,,6,370.07,Philippines
896,4/14/2022,,,3,6016.62,China
897,9/7/2023,,,5,5513.02,Vietnam
898,4/12/2023,,,10,8307.22,Guatemala
899,6/16/2023,,,3,1419.77,Jordan
900,3/4/2023,,,4,3032.81,Russia
901,3/3/2023,,,3,1671.13,Indonesia
902,10/30/2023,,,5,3750.43,China
903,1/6/2022,,,2,3276.13,Philippines
904,3/9/2022,,,8,2949.96,China
905,1/13/2022,,,7,910.08,Brazil
906,2/3/2023,,,8,6843.17,Venezuela
907,4/23/2022,,,7,8257.41,Indonesia
908,3/6/2023,,,9,307.76,Syria
909,10/26/2023,,,6,1417.69,Indonesia
910,4/15/2023,,,9,8093.27,Mexico
911,11/20/2023,,,5,5957.03,Germany
912,7/2/2023,,,1,9106.89,Niger
913,11/2/2023,,,5,4874.76,Indonesia
914,6/4/2023,,,6,5963.04,Paraguay
915,6/15/2022,,,2,2061.13,Portugal
916,10/29/2022,,,2,8425.75,Greece
917,11/29/2022,,,8,6153.14,Russia
918,3/12/2023,,,7,2054.92,Philippines
919,8/22/2022,,,7,5430.39,France
920,8/22/2022,,,2,6281.45,Indonesia
921,6/20/2023,,,1,3912.9,Indonesia
922,3/18/2022,,,9,9795.88,Tanzania
923,1/15/2022,,,1,1858.25,Honduras
924,8/23/2023,,,5,6951.77,Papua New Guinea
925,12/2/2022,,,9,3149.1,Philippines
926,2/23/2023,,,10,4244.88,Ukraine
927,11/16/2022,,,9,7813.11,Russia
928,4/24/2022,,,1,8732.91,France
929,3/28/2022,,,2,5760.34,Gabon
930,8/5/2023,,,5,3109.8,Portugal
931,1/4/2022,,,2,3971.44,Tunisia
932,2/27/2022,,,2,3895.22,China
933,9/7/2022,,,1,290.34,Czech Republic
934,9/9/2023,,,7,3019.32,Indonesia
935,5/3/2023,,,6,6040.19,Croatia
936,2/12/2023,,,4,8570.76,Russia
937,11/13/2023,,,10,4489.38,Greece
938,12/27/2022,,,3,6293.37,France
939,6/3/2023,,,9,476.23,Peru
940,3/19/2023,,,2,5682.84,Finland
941,8/24/2022,,,2,1740.41,Indonesia
942,9/3/2023,,,1,7129.56,Yemen
943,6/15/2022,,,4,6369.14,Greece
944,8/4/2022,,,1,834.48,China
945,1/3/2023,,,5,4367.83,Dominican Republic
946,3/13/2023,,,3,3676.73,France
947,11/30/2023,,,10,4014.67,Mali
948,8/11/2022,,,9,9799.54,France
949,7/12/2022,,,2,9535.33,Poland
950,8/20/2022,,,4,1834.0,Indonesia
951,9/22/2023,,,7,1539.66,Philippines
952,9/30/2023,,,1,1702.88,Russia
953,8/18/2022,,,10,8915.14,China
954,2/17/2022,,,7,9839.79,Russia
955,7/24/2023,,,10,1719.51,Mexico
956,8/4/2022,,,1,1451.22,Portugal
957,7/22/2023,,,2,5096.37,Greece
958,7/3/2022,,,1,8199.98,Croatia
959,1/7/2023,,,8,7165.66,China
960,3/12/2023,,,7,1110.96,Uganda
961,11/26/2023,,,2,4481.27,China
962,3/11/2023,,,10,6030.26,Russia
963,2/16/2023,,,4,7459.83,Thailand
964,3/15/2023,,,5,3370.88,Poland
965,4/30/2022,,,4,2225.87,China
966,2/18/2022,,,2,8453.73,Brazil
967,5/9/2023,,,4,4838.86,China
968,3/24/2023,,,6,5160.39,China
969,1/23/2022,,,8,9429.53,China
970,11/10/2023,,,3,6863.34,France
971,7/27/2022,,,7,5072.93,Syria
972,11/17/2022,,,3,5080.89,China
973,3/23/2023,,,5,6326.0,China
974,2/12/2022,,,8,7645.19,Namibia
975,7/5/2023,,,2,7152.51,North Korea
976,7/7/2023,,,7,4155.76,China
977,5/2/2022,,,1,7227.09,Indonesia
978,9/26/2023,,,10,5807.15,Philippines
979,1/23/2023,,,8,6323.97,Russia
980,12/16/2022,,,5,1236.31,Hungary
981,9/11/2022,,,8,670.34,Vietnam
982,6/5/2023,,,4,213.66,China
983,5/26/2022,,,5,2953.7,Czech Republic
984,3/28/2023,,,2,9569.72,China
985,12/20/2022,,,5,2550.66,Indonesia
986,8/27/2022,,,10,8661.15,Ukraine
987,7/9/2023,,,10,169.33,France
988,11/21/2023,,,5,553.9,Sweden
989,7/20/2023,,,5,9594.79,Thailand
990,8/26/2022,,,7,7290.62,Indonesia
991,11/27/2022,,,3,2672.75,Albania
992,1/14/2022,,,10,3131.3,Brazil
993,7/15/2023,,,9,535.76,Afghanistan
994,1/6/2022,,,5,5282.72,China
995,6/16/2023,,,6,525.63,Japan
996,1/25/2023,,,2,8498.96,Brazil
997,10/10/2023,,,4,9689.0,China
998,3/26/2023,,,1,3468.38,Dominican Republic
999,2/11/2022,,,1,2596.28,China
1000,1/18/2023,,,9,9473.32,Indonesia
